localidad	seccion	em2023	m2023	h2023	h2022	h2021	h2020	h2019	h2018	h2017	h2016	h2015	p2023
Murcia	3003001001	40,1	12,6	25,4	25,1	25,1	24,2	27,5	27,1	26,8	28,4	29,3	1.127
Murcia	3003001002	46,1	26	22,9	22	20,8	21,7	20,9	19,2	17,6	16,1	17,6	780
Murcia	3003001003	45,3	23,7	29,5	28,1	25,1	25,1	23,3	23,2	21,9	20,7	21,3	1.121
Murcia	3003001004	40,5	14,6	26,4	26,5	25,8	23,8	23	22,2	24,1	24,2	24,8	1.346
Murcia	3003001005	40,7	12,9	23,8	23,1	24,6	22,8	24,3	22,9	21,7	23,3	23,5	1.282
Murcia	3003001006	42,1	17	26,9	25,3	23,5	24,3	25,3	26,4	25,2	24,1	25,5	1.257
Murcia	3003001007	47,9	32	27,5	25,6	22,8	25,2	22	22,5	23,7	23,8	23,4	768
Murcia	3003001008	46,3	24,4	30,1	29,6	30,2	30,5	31,4	28,8	27,2	24,5	24,3	730
Murcia	3003001009	42	17,2	27,4	29,3	29,4	29,3	29,4	31	29,6	28,4	27,8	1.216
Murcia	3003001010	45,5	26,6	25,2	24,1	25,9	23,3	23,8	23,7	24,1	23,9	23	896
Murcia	3003001011	49,7	33,2	32,5	32,1	31,9	30	29,1	27,3	26,2	27,1	25,8	893
Murcia	3003001012	48,6	29,5	25,5	22,9	21,7	23,6	22,6	22,4	21,4	20,2	20,4	828
Murcia	3003001013	44,2	20,7	35	33,2	32,1	30,6	29,7	31,3	29,5	32,1	31,4	861
Murcia	3003001014	44,2	20,1	34,1	35,8	34,4	34,4	32,1	32,6	35,3	36	37,4	762
Murcia	3003001015	47,2	27,9	26,4	27,6	29,5	28,1	28,4	27,6	26	23,9	26,9	1.033
Murcia	3003001016	47,4	27,5	32,2	29,5	28,2	27,9	29,5	31	28,1	28,8	28,3	792
Murcia	3003001018	46,9	29,5	27,4	27,7	24,5	23	23,4	25,1	26,3	23,6	20,6	577
Murcia	3003001019	46,5	27,1	28,8	30,1	31,1	33,6	32,9	32,5	31,3	31,9	30,5	981
Murcia	3003001020	47,8	28,1	28,9	27,5	27,8	31,1	30,3	27,9	29,2	26,9	24,3	748
Murcia	3003001021	45,1	24	27,9	31,5	29	28,4	28	27,9	25,1	25,1	25,3	1.152
Murcia	3003001022	48,4	31	34,5	33,8	32,4	30,1	31,4	29,9	31,3	31,1	31,8	1.103
Murcia	3003001023	46,2	26,3	35,1	34	32,4	33,9	29,8	32	29,3	31,1	29,9	762
Murcia	3003001024	50,4	31,8	33	31,5	32,1	27	24,7	26,4	26,6	26,4	25,3	652
Murcia	3003001025	44,1	20,3	23	25,7	25,9	20,5	23,9	21,6	22,2	22,5	21,2	1.089
Murcia	3003001026	43,4	22	29,9	29,1	30,3	28,9	29,3	30,1	27,8	28	27,9	1.104
Murcia	3003001027	46,8	25,9	37,6	36,1	35,3	36,9	37,1	34,6	32,1	32,9	33,9	1.189
Murcia	3003001028	45,3	25,3	25,7	26	25,8	27,7	26,5	27	27,8	26,2	26	736
Murcia	3003001029	42,4	18,5	29,5	26,9	29,5	29,3	30,4	29	30,9	30,2	31,8	1.125
Murcia	3003001030	46,8	27,6	37,5	36,5	37,4	37,1	35,3	35,8	36,1	35,3	33,8	940
Murcia	3003001031	49,8	32,7	34,6	33,9	32,3	31,7	30,8	30,5	29,7	28,6	28,8	816
Murcia	3003001032	46,6	26,9	29,7	29,4	27,8	30,4	31	30,6	30,3	29,2	27,3	703
Murcia	3003001033	40,7	15,1	25,7	26,6	25,3	24	23,5	21,1	21,1	20,1	22,9	955
Murcia	3003001034	43,9	20,2	25,4	25,1	27,7	26,1	25,4	29,2	28	26,9	25,6	1.016
Murcia	3003001035	46,9	26,1	36	32,5	31,7	30,1	32,3	31,3	34	30,4	28,9	800
Murcia	3003001036	45,7	21,4	24,7	25	24,6	24,3	23,6	21,1	21,3	20,8	22,5	980
Murcia	3003001037	44,7	22,5	34,6	38,5	36	33,5	36,2	35,4	38,9	35,2	33,1	974
Murcia	3003001038	41,9	16,7	30,5	29,4	31,3	28,8	28,4	29,8	28,3	27,9	28,7	1.448
Murcia	3003001040	41,2	14,9	29,9	30,3	28,7	27,9	28,2	29,8	28,4	27,8	28,5	1.553
Murcia	3003001041	42,4	19,8	32,1	30,6	27,9	28,4	27,7	28,7	28,9	26,7	27,5	787
Murcia	3003001042	38,2	15,8	20,9	20,8	21,2	21,8	22,5	21,4	22,7	21,3	22,5	1.199
Murcia	3003001043	39,6	16,9	26,3	26,1	26,2	22,4	23,6	23,7	23	24,6	23	818
Murcia	3003001044	39,1	14,4	31,5	30,9	32,3	29,6	27,7	28,6	27,1	28,4	29,3	1.072
Murcia	3003001046	40,2	16,1	34	31,9	33,5	32,9	30,3	28,6	28,7	28,9	28,6	920
Murcia	3003001047	43,3	19,2	28,4	29,9	27	27,8	28	27,5	26	26,3	25,9	1.133
Murcia	3003001048	49,3	34,1	22,7	22	19,5	19,3	18	19	18,8	19,7	16,8	857
Murcia	3003001049	40,8	15,7	23,4	21,7	21,6	22,6	21,8	21,7	20,8	22,6	23,5	1.062
Murcia	3003001050	44,3	22,1	24,8	25,4	27	27,6	25,6	26,1	27,1	28,8	28,9	959
Murcia	3003001051	44,9	25,3	25,2	24,8	23,8	22,5	21,3	21,6	20,1	19,6	20,6	1.121
Murcia	3003001052	43,8	18,1	23,6	24,8	24,6	25,5	29,4	29,3	28,9	26,7	27,4	1.211
Murcia	3003001053	41,5	17,7	27,3	29,4	30,9	30,5	30,3	33,5	32,1	31,8	29,7	976
Murcia	3003001054	40,5	13,4	31,9	29,2	28,4	27,6	30,5	31	30,6	30,1	29,9	1.152
Murcia	3003001056	39,4	10,6	24,1	23,5	22,6	21,3	21,7	21,7	21,8	19,8	20,2	1.241
Murcia	3003001057	44,9	24,6	29,8	29	31	33,2	34,1	34,6	32,1	26,7	28,4	747
Murcia	3003001058	48,4	31,2	36,3	33,6	34,3	33,5	33,8	30,9	30,9	31,4	29,5	711
Murcia	3003001059	49	30,4	23,4	22,8	23,4	21,6	21,3	23,1	22	22,4	20,3	674
Murcia	3003001060	40,1	14,1	30,8	29,3	27,5	26,8	27,9	28,5	28,6	30,1	31,8	1.112
Murcia	3003001061	37,9	9,1	19,7	18,6	18,6	17,7	17,3	15,5	17,1	15,9	15,9	1.026
Murcia	3003001062	42,5	18,8	27	30,1	29	25,8	25,1	23,1	24,8	24,1	22,4	1.002
Murcia	3003001063	41,7	12,8	25,7	25,2	24,5	22,8	22,6	24,2	23,5	23,1	23,4	917
Murcia	3003001064	41,5	18,2	20,9	21,2	20	18,9	18,3	20,5	19,7	18,1	17,7	1.014
Murcia	3003001065	31,9	2,2	39,6	38,1	39,2	40,2	41,8	43,5	45,8	49,7	50,5	1.211
Murcia	3003001066	31,9	2,9	36,3	36,5	38,8	38,9	40,5	44	46,8	49,7	50,5	1.747
Murcia	3003002001	40,7	14,3	22,2	20,7	20,7	20,2	19,3	20,8	20,8	22,8	20,9	1.814
Murcia	3003002002	50,1	36,3	28,4	26,4	26,8	25,9	28,6	27,7	23	22,6	21,6	728
Murcia	3003002003	45,5	24,5	29,4	28	27	27,5	26,8	25,8	26,6	28,6	26,5	1.177
Murcia	3003002004	43,6	22,2	31,9	29,8	29,6	29,3	31	30,9	30	30,4	30,7	730
Murcia	3003002005	48,4	28,5	32,6	28,5	27,3	28	26,5	27,5	28,5	25,6	26	677
Murcia	3003002006	41,7	17,1	36,2	35,7	35,2	35,8	36,7	36,4	34,2	35,4	35,7	1.350
Murcia	3003002008	47,5	29,8	30,6	31,6	27,9	27,2	27,4	28,1	29,6	28	28,1	915
Murcia	3003002009	45,4	23,8	35,3	33,1	34	34,5	34,8	32,1	32,1	29,3	30,1	1.267
Murcia	3003002010	46,7	25,1	28,5	25,7	23,7	23,3	22,5	21,6	21,1	20,9	21,1	1.105
Murcia	3003002011	49,7	30,6	30,4	31	29,9	27,3	27,6	29,2	28	27,2	25,7	1.342
Murcia	3003002012	49,8	33,3	30,9	27,1	27,4	25,9	25,1	25,9	24,3	24,3	21,9	610
Murcia	3003002013	51,2	37,5	28	28,2	26,6	25,8	25,6	24,5	23,6	21,2	20,2	785
Murcia	3003002014	45,8	29,2	31,2	26,7	26,9	25,5	25,6	24,7	24,2	23	22,9	814
Murcia	3003002015	48,9	31,6	27,8	27,3	24	24,3	24,9	25,2	24,1	21,6	23,5	1.160
Murcia	3003002017	38,9	14,2	25,2	26,3	26,4	25,7	26,3	25,9	25,9	26,3	26	1.355
Murcia	3003002019	47,4	28,2	29,8	30,6	29,8	27,9	28,3	27,3	25,8	26,9	27,3	1.039
Murcia	3003002020	47,3	29,6	32,3	31,6	31,3	32	31,1	32,3	27,9	28,9	28,9	1.259
Murcia	3003002021	44,5	22,9	37,3	38,5	38,5	35,8	36,5	36	32,8	34,9	33,8	955
Murcia	3003002022	50,1	33,9	34,2	34,3	33,5	31,2	30,2	27,5	27,6	26,6	29,2	831
Murcia	3003002023	45,9	24,3	28,9	27,9	27,7	27,1	29,6	30,4	31,1	31,5	31,8	885
Murcia	3003002025	42,4	21	28,8	25,6	22,1	24,4	25	28,2	25,4	24,1	22,4	867
Murcia	3003002028	39,4	14,6	30,2	28,9	29,3	29,6	27,9	28,3	28,2	26,4	26,2	1.371
Murcia	3003002030	43,2	21	35,7	36,9	35,2	32,5	32,6	33,2	34,1	32	33	1.360
Murcia	3003002031	46,3	26,8	34,3	34,4	32,8	34,7	33,9	33	32,7	29,4	28,5	1.148
Murcia	3003002032	45,5	26,4	33,7	30,1	30,4	30,6	34	32	31,6	34,1	32	831
Murcia	3003002033	41,9	16,5	36,3	38	38,9	35,5	36,4	34,7	32,9	32,4	32,7	1.256
Murcia	3003002034	43,5	20,2	37,1	38,4	36,8	34,7	35,3	35	37	35,3	33,3	1.030
Murcia	3003002035	47,7	27,9	30,3	33,2	31	27,7	27,9	27,9	28,6	27,4	28,9	813
Murcia	3003002036	47,6	30,1	30,2	29,6	30,6	29,6	28,9	29,6	29,7	28,4	26,7	1.078
Murcia	3003002037	47	29,5	31,5	32,6	33,6	33,5	32,8	30,6	31,1	29,4	29,9	1.167
Murcia	3003002038	39,7	15,8	27,9	30,3	29,9	30,6	29,9	29,2	29,7	29,8	29,9	996
Murcia	3003002039	36,4	12,1	30,8	29,3	28,4	26,2	26,3	24,5	25,8	26,9	28,4	944
Murcia	3003002041	45,1	26,2	28,5	27,9	26,5	26,2	27,1	28,2	27	26,6	26,5	986
Murcia	3003002042	42,9	18,4	38,2	39,1	39,5	37,9	36,7	38,9	39	39	38,8	1.504
Murcia	3003002043	42,5	17,7	32,9	33	35,1	36,1	36	33,3	33,7	32,5	31	1.445
Murcia	3003002045	44,6	23	31,7	31,2	29,4	27,5	27,1	27,2	29,6	28,8	30,9	761
Murcia	3003002046	40	16,1	28,6	28,3	30	30,1	30,3	29,1	30	30,2	32,3	1.357
Murcia	3003002047	45,3	21,4	34,5	33	34,3	33,1	31,7	31	30,7	30,5	30,7	870
Murcia	3003002048	45,6	21,2	39,1	38,2	35,5	37,5	37,6	36,1	34,6	33,4	32,7	963
Murcia	3003002051	44,7	18,9	24,8	25,5	24,5	24,7	25,8	22,3	23,3	23,8	25,7	1.193
Murcia	3003002053	42,7	20,4	18,2	19,3	19,4	17,8	19,1	16,9	17,6	17,2	16,6	1.335
Murcia	3003002054	42,2	15,8	23,1	21,8	21,3	19,7	19,5	21,5	18,9	19,1	19,1	1.350
Murcia	3003002055	41,1	12,7	23,1	24,1	23,4	24,1	22,5	25,1	24,6	24,8	23,6	1.594
Murcia	3003002056	45,2	24	23,5	23,2	21,8	20,4	19,9	18,7	17,4	18,6	18,5	1.091
Murcia	3003002057	46,6	27,9	28,2	27,4	24,6	25,2	25,6	23	23	20,9	19	818
Murcia	3003002058	44	22,8	27,2	26,2	24,8	24,9	23,2	24,3	24,6	24,7	25,9	1.057
Murcia	3003002059	39,4	12,8	21,9	20,2	19,3	19,1	20,2	20	18,6	18,6	19,1	1.274
Murcia	3003002060	42,8	16,5	26,9	25,6	26	25,1	23	22,4	21,4	21	18,5	1.218
Murcia	3003002061	25,2	24,9										
Murcia	3003002062	43,7	19,9	16	16,4	16	15,4	16,2	16,9	17	17,2	16,4	855
Murcia	3003003001	38,7	13,5	28,3	31,8	31,7	29,8	28,7	28,8	29,9	30,7	28,1	1.582
Murcia	3003003002	43,7	15,5	31,3	30	28,6	29,2	28,7	28,4	27,9	27,1	27,6	1.409
Murcia	3003003003	44,6	22,1	32,7	31,2	29,9	28,4	26,9	30,2	32	28,2	27,8	868
Murcia	3003003004	48,6	29,2	31,4	32,3	32	32,7	31,3	30,3	30,9	27,4	28,5	665
Murcia	3003003005	48,2	27,4	31,1	29,6	28,4	28,2	27,8	27,9	26,8	25,7	24,7	1.066
Murcia	3003003006	45,8	25,3	29,3	29,8	31,4	31,6	33,1	31,3	31,1	31,1	30,2	905
Murcia	3003003007	44,5	23,1	31	32,2	31,9	31,2	28	31,5	29,6	31,7	29,8	951
Murcia	3003003008	46,7	27,7	25,9	24,6	23,3	25,3	23,8	25,4	24,9	23,6	22,4	928
Murcia	3003003009	49,1	33,9	24,2	24,1	22,8	22,8	22,9	20,7	24	23,9	24,1	1.386
Murcia	3003003010	47,1	32,4	25,8	25,4	24,8	25	24,6	24	21,5	20,7	20,1	956
Murcia	3003003011	47,3	28,3	24,3	24,9	23,7	20,9	20,3	18,5	18,5	19,1	18,2	944
Murcia	3003003012	46,8	23,1	25,6	25,3	26,4	25,2	23,1	23	22,4	19,6	20,6	817
Murcia	3003003013	44,4	20,1	32,6	29,2	29,3	29,3	29,4	28,1	28,6	28,7	28,4	1.093
Murcia	3003003014	47	27,4	28,4	26,7	28,6	26,7	24,6	22,5	22,9	21,3	21,1	1.032
Murcia	3003003015	47	30,5	29,5	27,9	26,5	24,3	24,3	23,6	25	22,9	23	1.137
Murcia	3003003016	48,2	30,9	21,3	21,2	22	20,2	18,8	18,8	19,2	18,4	18,5	663
Murcia	3003003017	41,1	12,8	29	30,1	31,2	29,5	31,4	31,8	33	30,1	30,6	1.704
Murcia	3003003018	42,7	16,7	30,4	28,4	27,3	28	27,4	28	28,7	28,7	27	1.465
Murcia	3003003019	43,2	18,5	26,2	28,2	26,9	27,6	29,8	27,4	27,1	26,5	27,4	1.137
Murcia	3003003020	45,7	23,7	29,1	26,3	25,7	26,2	27,1	23,2	19,8	21	21,8	954
Murcia	3003003021	42,4	17,1	25,2	25,6	26,9	27,6	28,3	28,5	28,3	25,7	25,9	1.058
Murcia	3003003023	37,9	11,9	28,3	27,5	26,3	21,9	23,7	26,2	29,8	27,4	28,6	1.884
Murcia	3003003024	39,3	13,3	24,4	23,7	22	22,5	21,6	24,3	25,8	26,4	26,6	1.156
Murcia	3003003025	39,6	10	21,6	21,7	21,7	21,5	21	21,6	21,9	22,9	23,5	1.718
Murcia	3003003026	41,4	16,5	25,1	23,1	22	21,7	22,7	21,6	23,2	24,2	23,7	1.603
Murcia	3003003027	39	11,6	25,4	25	24,7	24,7	25,3	26,7	26,4	26,2	26,6	1.781
Murcia	3003003028	39,6	10,9	26,5	27,8	25	25,7	25,5	23,8	24	23,8	24,9	1.250
Murcia	3003003029	40,4	15,6	26,5	25,4	25,9	27	26,5	26,7	26,5	24,4	25,9	1.865
Murcia	3003003030	41,9	17,1	28,5	26,2	25,6	24,6	24,1	23,8	24,9	22,5	22,4	1.090
Murcia	3003003031	43,1	16,4	23,7	22,6	21,5	22	20,6	20,1	19,6	19,4	21,5	730
Murcia	3003003032	45	21,7	22,1	21,1	19,6	20	20,9	19,2	19,4	19,1	17,8	1.249
Murcia	3003003033	42,1	19,9	23,9	23,8	23,4	22	19,8	21,2	19,4	21,4	18,8	1.006
Murcia	3003003034	46,3	33	24	23,1	22,4	22,1	21,1	21,4	21	19,5	18,2	700
Murcia	3003003035	47,5	30,4	19	20	17,1	17,9	16,9	17,9	17,2	17,1	14,7	730
Murcia	3003003036	43,3	18,6	31,5	26	26,3	28,5	28,1	27,1	29,5	27,2	26	1.055
Murcia	3003003037	39,7	12,3	22,4	23,2	22,2	21,7	20,7	20,2	19,3	18,3	19,3	1.316
Murcia	3003003038	45,4	22,3	27,6	26,5	24,6	24,1	23,4	24,6	23,1	23,4	22,3	1.099
Murcia	3003003039	43,6	20,8	25,1	24,7	26,3	28,4	27,4	27,9	28,4	28	27,5	1.123
Murcia	3003003040	45,6	20,8	21,9	21,8	19,2	18,8	20,3	18,8	17,3	17,3	16,8	778
Murcia	3003003041	40,2	14,1	22,1	22,5	23,4	20,7	22,1	21,7	21,4	21,4	21,3	1.452
Murcia	3003003042	42,5	14,7	18	18,4	17	17,7	17	16,4	16,2	16,1	15,3	1.411
Murcia	3003003043	42,1	15,2	30,2	29,7	29,6	28,8	28,3	27,1	27,3	28,4	29,9	1.146
Murcia	3003003044	43,9	20,3	29,8	27,7	28,9	27,5	26,5	27,6	28,8	28,3	27,2	1.038
Murcia	3003003045	46,2	20,8	26,4	28,8	26,4	24,6	25,9	26	24,8	24,7	22,4	809
Murcia	3003003046	36,8	8,7	32,7	32,6	33,3	32,1	31,7	31,6	32,3	30,7	29,4	1.501
Murcia	3003003047	42,2	17,4	23,8	24,1	23,4	23,4	22,2	19,7	21,7	20,3	20,6	1.001
Murcia	3003003048	15,7	15,6	13,1									
Murcia	3003003049	46,9	28,2	17,7	17,7	17,1	18,3	16,6	16,7	15,6	17,4	16	618
Murcia	3003004001	39,2	11,2	22,1	21,5	22,1	23,3	23,7	23,5	22,2	22,3	22,8	1.068
Murcia	3003004002	42,5	19,4	26,1	22	20,7	23	21,6	27,3	20,4	26,4	32,2	1.173
Murcia	3003004003	40,1	12,7	25,7	24,4	24,4	23	21,4	22,8	21,6	21,5	19,7	922
Murcia	3003004004	35,9	10,4	30,8	28,9	29,8	30,1	30,1	30	29,6	29,3	28,7	1.975
Murcia	3003004005	42	18	19,3	21,1	20,8	21,7	21,5	21	21,1	20,5	19,9	1.231
Murcia	3003004006	41,8	21,5	25,5	25,5	27,7	26,6	25,3	22,8	22	24,4	23,7	783
Murcia	3003004007	40,1	11,9	19	19,4	20,1	18,2	18,7	18,7	19,9	20,1	19,3	1.315
Murcia	3003004008	41,8	16,6	32,8	32,9	31,7	29,8	27,7	25,6	23,7	22,3	23,5	837
Murcia	3003004009	42	17,5	20,6	22,4	23,6	23,2	22,7	23,8	24,8	22,4	23,2	811
Murcia	3003004010	36,9	9,4	19,5	19,4	20,3	20,2	19,7	20	18,8	20	22,2	2.255
Murcia	3003004011	44,4	21,9	20,3	22,2	19,2	22	21,2	20,8	20,4	18,8	20,4	677
Murcia	3003004012	36,5	8,3	24,7	24,3	25,2	25	25,2	24,4	25,6	23,5	22,7	1.967
Murcia	3003004013	42,6	16,7	25,9	27,2	26,4	25,2	23,7	23,2	23,4	21,1	21,2	1.078
Murcia	3003004014	40,6	16,2	24	25,9	24,6	26,1	23,6	24,5	25,8	25,3	25,9	1.604
Murcia	3003004015	46	24,6	25,7	26,5	25,6	27,5	26,2	27,2	26,5	26,2	26,1	1.119
Murcia	3003004016	41,3	18,1	21,9	20,8	20,4	20,7	21,2	21,5	21,7	20,1	20,5	1.023
Murcia	3003004017	40	13,1	22	21,1	20,4	20,5	21,5	21,7	19,8	19,7	20,4	1.547
Murcia	3003004018	40,8	13,5	19	16,2	17,3	16,8	16,6	16	15	15	15,3	1.418
Murcia	3003004019	35,1	8,4	32,8	34,6	32,8	33,2	33,8	35,1	35,3	34,4	33,3	1.988
Murcia	3003004020	35,4	7,8	28	30,8	29,7	28	27,4	29,6	30,9	29,2	29,7	2.796
Murcia	3003004021	38,3	10,6	23,2	21,1	21,6	20,8	21,2	21,4	19,7	20,3	20,2	1.618
Murcia	3003004022	47	23,6	26,1	25,7	25,1	26,2	24	24	21,4	21,5	23,3	729
Murcia	3003004023	40,2	14,8	26,3	23,5	24,8	25,2	25,2	24,2	22,8	22,9	24,3	1.856
Murcia	3003004024	40,6	11,4	20,8	21,4	19	19,1	19,4	18,6	19	18,8	17,7	1.277
Murcia	3003004025	39,2	13,9	18,2	19,4	18,3	17,2	19,1	18	18,3	19,7	20,4	1.852
Murcia	3003004026	38,8	12,8	23,4	22,3	21,7	21,8	21,4	21,1	20,1	19,7	22,3	2.240
Murcia	3003004027	39,7	13	19,9	18,8	18,2	19,3	19,7	19,7	20,1	19	19,9	1.266
Murcia	3003004028	38,3	11,1	17,7	18	18,1	18,4	16,6	19,2	18,5	21,2	20,7	1.753
Murcia	3003004029	44,1	20,2	16,9	20	19,7	20,1	20,8	21,5	21,3	20,9	21,6	1.108
Murcia	3003004030	40,1	12,7	23,3	19,8	19,6	21	21,4	20,7	19,7	19,3	20,7	1.634
Murcia	3003004031	41,4	16,4	20,8	20,5	21	21,3	20,8	22,3	22,5	23,6	22	1.152
Murcia	3003004032	40,5	15,8	19,6	21,1	20	17,5	18,4	18,5	17,4	15,8	16,3	1.148
Murcia	3003004033	42,5	18,2	17,8	18,2	17,2	17,7	16,4	15,4	15,5	16,7	18,8	698
Murcia	3003004034	40,5	15,9	20,6	20,5	20,1	19,7	17,5	16,2	19,2	18	15,4	1.380
Murcia	3003004035	38,1	12,9	21,2	21,1	20,1	20,5	19,9	19,7	18,8	17,2	17,5	1.486
Murcia	3003004036	43,6	18,5	22,6	22,3	21,8	23,4	24	24,5	25,1	24,6	25,1	1.159
Murcia	3003004037	43	18,7	22,5	21,5	20,3	19	19,1	18	17,6	17,9	16,7	979
Murcia	3003004038	44,7	22,4	21,5	20	22,5	21	17,2	15,8	17,7	17,9	17,3	1.050
Murcia	3003004039	40,8	15,2	19,4	21,4	20,3	19,3	20,7	20,1	18,9	19,4	18,1	1.234
Murcia	3003004040	38,9	9,9	15,6	16,2	14	17,3	15,8	13,9	14,5	15,1	15,4	1.319
Murcia	3003004041	41,8	15,5	20,2	19,1	18,3	17,9	16,8	16,4	15,2	16,6	14,7	738
Murcia	3003004042	39,5	9,5	19,7	18,9	21	21	19,6	18,8	18,1	20,3	19	1.809
Murcia	3003004043	36,5	6,6	22,9	21,8	19,6	21,9	22,2	20,9	20,5	19,4	17,3	1.508
Murcia	3003004044	44,8	20,4	18,2	18,4	18,3	18,4	18,2	19,8	16,9	14,8	15,1	729
Murcia	3003004045	40,7	14	18	17,5	15,4	16,5	15,4	15,6	14	15,5	15,8	752
Murcia	3003004046	41,3	16,5	17,8	16,7	18,1	16,3	15,4	15,3	15	13,4	14,7	1.530
Murcia	3003004047	40,6	15	20,3	21	21,1	20	19,1	18,7	18,1	16,7	16,7	1.836
Murcia	3003004048	43,1	18,6	22,6	21,8	21,3	19,3	17,3	17,3	20,5	21,6	19,6	1.191
Murcia	3003004049	39,7	8,6	26,4	25,1	26,6	24,9	23	22,8	22,6	24,1	25,1	1.029
Murcia	3003004050	39,2	13	16,3	19,3	16,6	17,1	18,2	15,9	18,9	19,3	20,2	1.396
Murcia	3003004051	44,7	24,6	15,3	14,3	12,8	12,2	12	10,3	9	8,9	11	924
Murcia	3003004052	37,5	8,6	14,7	14,4	14,9	15,8	15,5	15,2	17,3	18,2	18,4	1.174
Murcia	3003004053	39,1	12,5	30,9	31	30	29,6	30,4	29,9	30,1	31,6	32,8	1.071
Murcia	3003004054	40,6	14,4	25,2	26,8	24,9	25,6	24,7	24,3	21,6	23,2	23,4	1.088
Murcia	3003004055	40,5	15	20,3	19	19,8	18,6	20,7	21,3	20,3	20,5	19,9	1.144
Murcia	3003004056	38,4	11,4	14,6	13,1	13,2	13,5	12,9	12,4	14	13,7	14,5	1.628
Murcia	3003004057	41,8	17,1	22	21,5	21,8	21,1	22,5	23,1	22,7	21	20,9	1.049
Murcia	3003004058	38,2	11,9	18,8	18,2	17,6	18,6	17,9	19,1	19,5	18,8	19,1	1.107
Murcia	3003004059	42,2	16,2	21,8	22,7	21	21,5	21,2	21	19,4	18,1	18,3	994
Murcia	3003004060	36,4	9,3	20,3	20,4	20,7	21,4	22,2	22	22	23,3	25,7	2.096
Murcia	3003004061	37,8	12	24,7	24,4	23,9	25,4	24,8	25,6	26,9	25,4	25,7	1.840
Murcia	3003004062	37,5	10,9	24,9	24,6	24,8	24,3	26,2	25,4	27,1	27,4	27,4	3.153
Murcia	3003004063	36,6	9,6	32,2	30,3	28,6	28,6	30	31	30,7	28,8	30,6	2.779
Murcia	3003004064	40,4	11,7	23,9	24,8	23,2	23	22,2	21,3	19,6	19,9	20,3	1.548
Murcia	3003004065	42,1	15,9	20,3	18,4	16,5	18,3	15,8	17,3	15,6	16,1	17,2	778
Murcia	3003004066	40,7	12,8	22	20,9	21,3	20,6	22,4	22,6	21,3	20,4	19,1	1.179
Murcia	3003004067	45,5	24,1	23,2	24,5	24,3	23,2	25	24,3	23,4	24,7	21,3	730
Murcia	3003004068	38,8	12,9	17,8	17,5	18,6	18,3	18,7	16,3	17,1	15,6	15,8	1.049
Murcia	3003004069	38,6	12,9	16,8	16,9	18,1	17,1	16,7	16,9	17	15,7	16,4	1.408
Murcia	3003004070	39,8	16,4	19,3	17,7	18	19,6	19,3	18,1	16,8	17	17,6	968
Murcia	3003004071	44,4	22,3	23,6	23,2	23,8	22,3	20,8	20,5	20,8	18,7	18,1	736
Murcia	3003004072	39,8	11,7	23,3	23,4	24,8	23,8	21,9	20,7	22,8	23,8	21,6	969
Murcia	3003004073	36	8,6	33,1	31,1	31,4	29,4	30,5	30,3	32,1	32	32,3	2.411
Murcia	3003004074	38,3	10,7	23,3	22	22,1	24	23,2	22,4	20,9	22,1	22,7	1.311
Murcia	3003004075	35,3	7,6	13,8	12,8	11,2	11,2	12,7	12,7	12,4	11,4	12,1	1.453
Murcia	3003005001	40,1	16,3	17,2	16,2	14,9	14	12,6	14,3	15,3	15,6	16,5	1.145
Murcia	3003005002	36,8	12	19,5	18,9	18	18,5	19,8	20,9	21,3	22	22,3	1.796
Murcia	3003005003	42,2	18,4	19	18,5	20,8	19	20,1	21,3	20,2	18,9	18,1	1.178
Murcia	3003005004	40,3	15,3	17,9	18,5	19,3	18,9	17,5	18,3	17,4	16,9	16,4	1.143
Murcia	3003005005	41,1	15,8	24,6	24,9	24,2	24,6	25,5	25,2	23,4	21,7	18,3	919
Murcia	3003005006	44	21,4	18,4	20	17,5	20,5	19,7	18,2	18,9	19,1	19,4	924
Murcia	3003005007	39,5	15,4	23,5	22,4	20	20,6	19,8	19,6	20,2	18,9	19,9	1.568
Murcia	3003005008	43,3	19,6	19,6	19,8	20,8	17,8	18,1	17	15,8	16,7	15,8	913
Murcia	3003005009	35,3	9,6	16,4	21,5	20,4	18,7	19,5	19,8	19,7	17,5	16,5	1.887
Murcia	3003005011	34,5	10,2	16,7	15,7	15,7	16,4	17,2	18,8	17,3	15,6	17,9	2.130
Murcia	3003005012	40,9	16,6	25,4	25,9	28,9	27,6	29,8	27,9	26,7	24	24,6	1.129
Murcia	3003005013	43,4	20,6	26,3	26,7	25,2	27,7	25,8	25,2	26,4	26,1	24,8	1.088
Murcia	3003005014	44,1	19,8	27,3	28,9	27,2	27,7	26	26,5	26,9	26	27	814
Murcia	3003005015	39,3	15,4	24,4	25,6	24,3	24,6	25,8	25,7	25	23,2	25,7	1.274
Murcia	3003005016	42,1	18,7	26,8	24,7	23,3	24,6	23,9	23	23,5	26,2	26,6	934
Murcia	3003005017	41,1	15,5	20,5	20,9	18,8	18,8	20,2	21,7	21,4	19,7	19,9	1.634
Murcia	3003005018	41,3	16,9	27,5	27,4	27,2	25,4	24,1	24,9	23,4	23	24,1	1.662
Murcia	3003005019	40,2	13,9	27,7	25,9	25,9	26,1	27,3	29	30,6	28,6	27,9	1.911
Murcia	3003005020	42,9	17,9	25,7	27,1	27,2	22,9	24,3	24,1	24,4	24,4	23,9	1.022
Murcia	3003005021	37,7	12,5	18,7	17,9	17,5	16,7	16,3	16,8	16,3	16,2	17,5	2.021
Murcia	3003005022	41,7	16,8	13,6	15	15,6	15,6	16	17,4	17,5	16,6	17,4	805
Murcia	3003005023	40,8	16,1	22,3	24,6	23,6	24,2	24,1	22,5	23,2	23,4	26,2	955
Murcia	3003005024	39,5	15,7	29,1	30,9	28,2	26,1	27,6	27,3	26,2	25,8	27,9	1.430
Murcia	3003005025	40,7	11,9	26,1	24,9	26,8	25,8	26,5	26,2	25,5	23,3	23,6	846
Murcia	3003005026	44,7	23,7	23,9	21,9	21,7	22,5	22,4	21,9	22,5	21,2	21,4	976
Murcia	3003005027	38,6	12	22,8	19,8	21,5	21,1	20,7	21,2	18,8	20,7	21,6	1.423
Murcia	3003005028	39,8	13,5	18,2	19,3	18,3	16,7	17,8	19,6	19,4	18,1	18,7	1.646
Murcia	3003005029	40,7	17,4	24,5	24,6	24,6	23,9	23,3	23,2	22,4	23,1	22,7	1.542
Murcia	3003005030	39,9	13,5	23,9	23,8	22,9	23,5	23,9	22,6	24,3	23,7	22,3	1.493
Murcia	3003005031	41,1	15,5	23,2	20,4	19,7	19,7	20,4	18,2	19,5	19	17,8	1.236
Murcia	3003005032	41,7	17,9	17,6	19,1	18,4	18,5	19	17,4	19,1	19,4	17,7	1.299
Murcia	3003005033	41,9	16,3	23,3	23,7	23,8	24,1	25,1	22,9	23,8	23,3	24,2	1.300
Murcia	3003005034	40,2	15,8	27	25,3	27,2	25,5	26	25,3	25,6	23,4	23,5	1.267
Murcia	3003005035	44,6	23,1	20,9	20,2	18,3	19,5	18,3	18,6	18	17,2	16,7	1.180
Murcia	3003005036	37,7	9,5	17,6	18,4	18,7	18,5	18,4	19,2	16,6	16,6	18	1.242
Murcia	3003005037	36,7	7,9	20,4	19,1	18,7	17,8	17,5	19,4	20,2	21,3	21,6	1.237
Murcia	3003005038	42,4	17,7	23,9	23,1	20,6	23,7	22	22,2	20,6	19,2	19,4	838
Murcia	3003005039	40,3	14,5	28,8	25,6	22,9	22,1	21,5	21,9	20,3	18,8	20,2	1.120
Murcia	3003005040	43,6	20,3	28,2	29,9	30,6	30,7	27,8	28,3	26,2	25,3	23,4	987
Murcia	3003005041	39,8	11,7	21,6	22,6	19,6	18,8	17,8	16,8	17,9	14	15,4	848
Murcia	3003005042	35,6	10,9	15,7	15,3	15,5	15,5	15,7	16,9	16,9	18	17,7	1.686
Murcia	3003005043	36,3	7,7	20,8	21,1	20,9	21,4	19,9	20	22,6	22,6	17,2	1.498
Murcia	3003005044	37,2	9,6	33,6	33,7	35,4	35	34,4	36,5	35,6	35,3	35,3	1.780
Murcia	3003005045	38,5	10,4	13,6	12	12,3	11,8	12,4	13,6	13,3	12,8	13,3	1.698
Murcia	3003005046	40,3	15,4	15,7	15	15,7	14,6	15,3	16,7	18,6	17,6	16	1.068
Murcia	3003005047	37	12,1	16,9	19,2	20,5	17,7	16,9	17	17,8	16,4	15,6	1.359
Murcia	3003005048	38,1	10,3	27,9	26	23,4	24,9	26,4	25,7	23	24	25,5	1.094
Murcia	3003005049	41,2	17,4	23,4	25,1	22,8	21,2	18,8	19	21,2	20,4	22,6	902
Murcia	3003005050	40,1	14	23,8	22,9	23,3	23,9	22,1	22,3	18,9	19,8	19,9	1.284
Murcia	3003005051	43,1	20	31,6	29,7	24,8	21,2	19,6	19,8	20,3	18,9	18,4	1.093
Murcia	3003005052	40,9	15	23,4	24,2	23,5	23,5	22,6	24,3	24	20,8	21,2	1.310
Murcia	3003005053	41,2	16,3	28,8	27,4	28	27,6	27,1	27,5	26,1	23,6	22,2	794
Murcia	3003005054	37,4	8,9	20,6	18,5	15,9	16,5	17	16,1	15,4	14,3	13,4	1.634
Murcia	3003005055	41,1	16,4	22,8	23,5	23,5	23,8	22,6	23,3	23	20,2	20,5	791
Murcia	3003005056	41,6	15,1	31,5	31,9	30,6	26,7	28,4	26,2	28,3	25,4	29,5	1.001
Murcia	3003005057	43,8	20	32	32,5	30,6	30,7	31,2	31,4	31,3	28,4	30,2	730
Murcia	3003005058	40,2	13,2	22,1	23,6	21,7	21,1	22,1	22,6	20	21,5	21,4	1.338
Murcia	3003005059	41,7	17,8	22,1	22,2	23,4	23,5	24,4	24,6	25,8	24,9	23,3	1.166
Murcia	3003005060	41,4	18,3	22,2	25,5	26,8	27,7	26,8	27,2	27,9	25,3	25,7	769
Murcia	3003005061	41,6	17,7	20,2	18,5	19,1	17,3	17,2	17	18,6	19,2	20,7	1.027
Murcia	3003005062	40	12	21	19,9	18,7	20,8	19,3	18,8	17,1	17,4	17,8	1.539
Murcia	3003005063	35,5	7,2	23,6	24,6	22	21,2	21,9	22,1	22	22,1	25,4	1.673
Murcia	3003005064	35	5,5	20,5	21,1	18,7	19,7	19,9	19,3	17,9	16,6	18,2	1.512
Murcia	3003006001	43,7	18,8	21	20	19,3	18,8	16,7	18,5	18,3	18,9	20,1	1.220
Murcia	3003006002	37,5	12	29,6	28,8	29,2	30,3	31,9	35,2	33,9	34	33,7	1.695
Murcia	3003006003	43,7	20,1	19,6	19,2	18,6	18,7	19,1	19,3	17,5	16,9	18,6	1.349
Murcia	3003006004	42	16,5	23,7	24,1	24,1	23,7	25	25,4	24,8	25,3	26,1	931
Murcia	3003006005	37,9	12,1	20,4	23,4	22,8	22,8	22,9	22,9	24,4	24,9	24,5	1.046
Murcia	3003006006	45,1	21,6	23,6	24,4	24,1	22	22,3	22,4	22,8	22,8	22	892
Murcia	3003006007	40	14,8	28,3	29,8	28	29,7	30,3	32,7	31	32,8	33,2	1.114
Murcia	3003006008	40,6	15,3	24,8	20,7	23,2	22,2	22,8	22,8	23,4	23,3	22,1	1.391
Murcia	3003006009	46,4	25,4	16,6	15	13,9	14,5	14,7	14,5	13	12,9	14,5	827
Murcia	3003006010	39,6	13,9	22,7	23,6	23	22,5	24,3	23,5	23,2	22,1	21,9	1.793
Murcia	3003006011	45,4	22,2	23	24,4	26,6	26,6	25,9	24,3	24,2	22,5	23,7	787
Murcia	3003006013	39,9	11,9	22,7	22,3	23,6	23,1	23,5	24,2	23,7	24,6	25,6	1.025
Murcia	3003006014	38,6	13,2	24,7	25	23,3	22,5	22,1	25,1	26,8	23,9	24,3	1.276
Murcia	3003006015	41,8	18,8	23,9	25,6	26,2	24,9	27,9	24,4	27,3	24,7	23,8	1.118
Murcia	3003006016	40,3	18,2	27,2	25,6	25	27	27	26,4	27,9	28,4	27,4	1.102
Murcia	3003006017	38,4	11	28,4	30	29,7	28,4	28,2	28	27,7	27,8	28,1	2.104
Murcia	3003006018	39	13,8	26,6	25,5	24	22,7	22,5	23,6	23	23,3	23,9	1.273
Murcia	3003006019	40,1	14,2	24,4	25,7	27,4	26,5	27,5	26	27,4	26	26,1	1.963
Murcia	3003006020	39,4	15,1	23,5	24	26,3	25,5	24,8	23,2	26,5	26	25,9	1.690
Murcia	3003006022	41	15,7	21,4	22	21,5	20,8	21,1	21	21,5	20,9	22	1.346
Murcia	3003006023	39,3	15	20,3	21,6	21,9	21,3	22,9	21,7	20,3	19,1	18,5	1.766
Murcia	3003006024	39,8	13,3	20,6	20,2	19,2	17,4	16,4	18,7	17,5	16,9	16,6	1.116
Murcia	3003006025	43,5	19,2	26,1	24,8	23,1	22,8	24,8	24	22,4	22,8	22	926
Murcia	3003006026	42,5	16,3	23,4	22,6	21,7	23,3	22,6	22,2	24	21,6	21,1	1.188
Murcia	3003006027	39,3	14,2	22,4	19,9	19,7	20,6	22,6	23,1	22,8	23,2	21,5	1.067
Murcia	3003006028	42,5	17,6	23,1	21,1	21,8	22	23,1	21,9	23,1	20,5	21	1.270
Murcia	3003006029	46	25,9	16,9	16,8	17,5	17,5	17	18,5	17,5	16,9	15,1	788
Murcia	3003006030	40,4	12,3	22,4	20,3	20	19,4	19,3	19	17,1	17,5	18,1	1.436
Murcia	3003006031	38,3	8	12,7	12,2	9,7	9,5	8,3	9	9,4	10,4	12,6	977
Murcia	3003006032	39,8	12,6	22,3	25,1	24,9	24,3	24,6	21,3	20,9	23,3	24,5	1.169
Murcia	3003006033	35,7	7,7	18,2	19	18,9	20,2	18,8	17,9	19	19,5	19,6	2.158
Murcia	3003006034	36	5,8	19,3	18,9	18,9	16,2	17,1	18,2	17,1	17,6	19	1.288
Murcia	3003006035	36,1	6,6	23,2	22,4	21,6	21	23	21,2	23,4	20,8	21,7	1.369
Murcia	3003006036	41,9	15,8	23,3	24	24,1	21,7	21	21,9	20,4	21,5	21,3	1.275
Murcia	3003006037	41,3	15,8	21,6	20,8	20,1	19,1	18,9	20,9	21,9	21,8	21,2	1.018
Murcia	3003006038	38	11,1	24,9	24,6	23,3	20,3	21,2	23	23	22,9	22,7	1.103
Murcia	3003006039	37,5	10,3	22,1	23,1	23,2	24,3	24,7	22,7	21,9	23,1	21,7	1.402
Murcia	3003006040	37,3	10,3	18,7	19,3	20,5	19,6	18,9	20,8	20,1	19,9	18,6	1.400
Murcia	3003006041	37,8	11,2	22,9	20,4	18,4	18,9	18,1	17,4	17,9	19,2	19	1.001
Murcia	3003006042	39,4	15	21,4	21,7	23,6	23,8	24,4	25,2	23,2	21,9	23,5	1.048
Murcia	3003006043	39,3	11,1	20,5	18,3	19,2	17,1	17,6	17,7	17,8	19,1	22,4	988
Murcia	3003007001	39,4	14,7	24,9	22,4	24	23,5	23,9	24,4	24,8	23,3	24,3	2.567
Murcia	3003007002	46,4	24,9	32,2	31,9	31	31,4	29,8	29,2	28,4	25,8	27,6	666
Murcia	3003007003	40,9	15,1	19,2	17,9	16,4	17,4	17,4	18,2	16	16,7	16,3	926
Murcia	3003007004	40	15,2	22,9	21,6	20,7	23	23,5	22,6	21,9	23,1	23,7	1.553
Murcia	3003007005	43,5	21,8	25,7	21,4	25,6	24,8	23,4	25	25	24,9	27,8	783
Murcia	3003007006	44,7	24,8	29,6	29,9	27,8	29	28,2	28,4	28	28,1	29,5	759
Murcia	3003007007	43,4	21,5	31,8	29,6	29	29,2	29,2	29,6	28,4	25,7	25,9	922
Murcia	3003007008	41	17,1	31,8	32,1	31,7	29,7	29,6	27,6	27,1	26,8	27,1	1.057
Murcia	3003007009	44,2	23,9	27,4	26	29,7	28	27,3	27,2	26,6	24,8	25,6	852
Murcia	3003007010	42	16,3	23	24	25,1	24,1	24,3	24,8	23,2	20,1	19	1.507
Murcia	3003007011	44,6	21	22,5	22,7	21,7	22,5	22,2	23,9	25,4	25,2	22,9	959
Murcia	3003007012	45,3	24	21,2	22,3	22,3	22,7	22,3	22,9	22,8	23	21,9	1.067
Murcia	3003007013	46,7	27	23,4	20,8	21,6	22,5	24,1	25,2	28,2	28,1	27,9	851
Murcia	3003007014	45,7	24,3	27,9	27	27,6	27,9	27,1	25,8	23,5	23,5	26,2	801
Murcia	3003007015	43,8	19,5	20,2	21,2	21,2	21,2	19,8	20,3	21	21,4	22,5	1.189
Murcia	3003007016	43,4	19,2	23,5	23,3	21,4	22,6	22,9	23,2	21,5	20,8	21,2	1.169
Murcia	3003007017	44,1	22	22,1	21,6	20,5	20	18,9	19,7	19,4	21,8	22,5	941
Murcia	3003007018	40,7	15,1	26,8	30,8	28,6	26,1	26,2	24,6	26,4	27	25,2	962
Murcia	3003007019	39,3	13	21,1	22,5	23,9	21,4	21,8	23,5	22,5	21,8	22,6	1.047
Murcia	3003007020	42,8	19	28,5	25,6	24,6	25,3	25,8	27	26,8	26	26,5	2.172
Murcia	3003007021	42,6	18,6	27,3	26,9	25,9	26,6	25,1	25,8	24,7	26,4	25,5	916
Murcia	3003007022	40,6	15,9	23,8	24	22,7	25,1	26,4	27,5	26	28,5	27,5	1.000
Murcia	3003007023	42	14,3	22,6	21,6	21,1	21,4	23,4	22,5	23,7	24,1	24,4	1.508
Murcia	3003007024	41	15,8	23,2	23,4	23,1	21,9	24,1	26,1	25,4	23,5	21,9	1.602
Murcia	3003007025	39,5	13,7	29,1	30,4	30,8	30,5	30,7	31,3	29,6	29,4	28,8	1.910
Murcia	3003007026	43,6	21,1	18,7	19,5	19,8	19,7	19,5	20,5	20,3	20,2	21,6	1.316
Murcia	3003007027	41	16,7	17,9	18,3	19,8	20,7	19,2	18	19	19,9	19,9	802
Murcia	3003007028	42,5	18,7	23,8	25,2	23,3	22,4	24,1	22,7	22,2	21,6	23,4	1.429
Murcia	3003007029	41,6	17,2	24,6	24,9	26,6	25,4	24,9	25,7	26,6	26	25,5	1.093
Murcia	3003007030	43,3	18,7	21,3	21	21,1	19,2	18,3	18,6	20,1	20,5	22,9	1.436
Murcia	3003007031	39,7	14,5	18,1	18,2	19,8	20	20	20	22,1	21,8	23,5	1.561
Murcia	3003007032	41,4	17,6	17,5	19	19,9	20,4	19,6	19,2	20,2	19,2	17,8	981
Murcia	3003007033	41,4	17	20,2	22	21,6	21,1	20,5	19,9	18,9	19	19,5	1.357
Murcia	3003007034	40,3	13	22,1	22,1	21	20,9	20,5	22,1	20,9	20,6	21	1.255
Murcia	3003007035	34,2	6,6	22	22,2	24,1	21,7	20,8	20,7	19	18,4	19,9	2.143
Murcia	3003007036	41,5	17,1	20,1	21	21,7	22,8	20,1	20,5	20,3	19,7	18,2	796
Murcia	3003007037	44,3	21,8	26,3	28	27,8	27,5	27,7	25,8	26,7	25	28	766
Murcia	3003007038	43,5	19	27,4	24,3	23,3	19,4	19,7	21,6	18,9	20,2	21,4	790
Murcia	3003007039	36,6	8	17,5	18,2	15,9	15,3	15,6	14,9	16,1	15,2	16,7	1.786
Murcia	3003007040	39,4	14	29,1	31,1	29,4	29,3	29,1	27,1	24,6	23	23	906
Murcia	3003007041	37	7,8	15,6	14,6	14,5	14,2	14,3	14,3	13,8	13,8	14,6	1.283
Murcia	3003007042	36,3	6,6	13,9	12,8	13,7	11,9	13	13,4	15,1	16,3	16,4	1.401
Murcia	3003007043	40,8	18,7	24,1	25,4	25,5	28,9	27	27,4	28	26,2	26,8	913
Murcia	3003007044	43,3	19,1	23,9	25,9	25,8	23,7	21,9	22	21,5	19,8	20,7	874
Murcia	3003008001	41,3	14,6	30,1	30,6	29,4	29,8	29,4	30,4	29,1	27,4	29,3	2.870
Murcia	3003008002	40,9	15,3	27,6	25,6	25,6	25,9	24,8	24,9	24,6	26	26,1	1.525
Murcia	3003008003	44,8	23,7	27,5	28,4	26,5	26,2	27,5	27,8	27,8	24,2	25,1	3.475
Murcia	3003008004	43,8	23,8	27,1	26,4	25	25,5	25,7	26,3	26,2	24,7	24,5	2.082
Murcia	3003008005	38,8	14,1	21,2	19,4	18,5	18,3	17,4	19	17,9	18,3	20,2	1.781
Murcia	3003008006	40,1	17	24	24,8	25,2	24,4	22,5	25,3	24	24,2	24,1	1.253